id,0,1,2,3
0.0,132706.06662202725,12312.404271473604,38025.98034928266,22393.51580505373
1.0,281164.9367094753,40322.262355490326,62225.66077073046,88650.9762026619
2.0,497353.0928035618,149592.02387075988,55429.46558128807,160667.35384602268
3.0,6157620.686461415,1418783.0134156472,4612497.986011908,4551788.025783706
4.0,1439798.3022187497,352294.0032800712,1806847.6998451692,1158023.6692634749
5.0,1.486066799163565E7,5875680.352716788,3695152.2429191126,5833735.76376111
6.0,5.773388513096618E7,1.1228595385744344E7,1.1560032222018989E7,1.1882507671337666E7
7.0,3.161062300106924E7,3167311.3957877355,4356854.202863086,2220287.228698101
8.0,1.607038390747419E7,5858079.149601623,1.6011739755896457E7,1.7838504073926788E7
9.0,2.1989166558745265E7,7713729.865123225,2.7558896552490484E7,3.629787235334306E7
10.0,4004401.9327228623,1004176.1782877307,997448.2083154119,890838.4195417516
11.0,127671.53736973183,2496.1599971098053,97.08048248291016,
12.0,2.4085655564020727E7,1.2811490378111314E7,4873485.201315757,1.0590133439068604E7
13.0,6.793278138754219E7,9733596.689520922,1.0925930082586642E7,6734672.536251592
14.0,5.440478808412109E7,3932945.7097116816,9820914.920096483,3878749.6782984124
15.0,1.7248050696469985E7,6555404.988088184,7847421.867325429,1.236784441865532E7
16.0,2.479762354666606E7,1.1545353025015501E7,1.691308022427349E7,3.182233929569502E7
17.0,2.15026226851345E7,1.0072485996301005E7,9179332.104243653,2.092393366853425E7
18.0,2539701.8905533124,497589.84496172727,628629.0005011164,1053944.2122365017
19.0,93327.92223235482,29186.068646060714,72243.99843232393,343472.4610915829
20.0,2.5103206273554258E7,1.4561600160956444E7,5972773.174685855,2.3250171327995017E7
21.0,5.334815925657327E7,1.6305919770697683E7,1.004172351536704E7,1.568405035926333E7
22.0,4.822519034612833E7,1.163372378505379E7,1.231099459734918E7,1.2729613664898079E7
23.0,1.5844452387312526E7,8097839.203673362,5896170.277592387,1.4269027009513576E7
24.0,1.971504457826411E7,1.3796930799640683E7,1.5659064698513772E7,3.9571766972782016E7
25.0,2.2482057007925548E7,1.2555695336677264E7,8810442.495964091,2.2123286175400663E7
26.0,4624354.702973668,167580.60699465882,29560.7316421808,142562.4903787052
27.0,1083184.2980336507,378072.63241912244,1288486.7661280911,6134925.849506004
28.0,9909615.038543517,5097821.632757718,1.1247943481127812E7,3.942024535293912E7
29.0,2.6869016562228214E7,1.2555875789760001E7,1.8188739845146947E7,3.9656336271376565E7
30.0,4.3266007549799494E7,8564493.168172883,1.2333462539545082E7,2.0990823637603894E7
31.0,1.1183615547945773E7,7075191.514202695,3850375.747191333,1.4394370914528528E7
32.0,1.053277970548921E7,1.125300584060806E7,7225972.340028314,4.8509859030072294E7
33.0,2.496249288598349E7,2.3678095436240602E7,1.0664286669929888E7,3.635811673371036E7
34.0,6696699.934408098,824998.3758593395,519797.689666,1341525.4708446735
35.0,2686332.146873025,1661894.055980727,1947382.174978907,1.1634412132137462E7
36.0,2.2008540953765765E7,1.1512681214982845E7,1.1408506833727427E7,4.931275271512809E7
37.0,2.8226181505892616E7,9595748.912091091,1.1110829075053068E7,4.3518154448490396E7
38.0,9464302.516919952,6808983.303996868,4440941.712290533,3.1380738468432873E7
39.0,1.1651280468348177E7,1.1865083088321215E7,7830708.758362532,4.650532931701593E7
40.0,2.1087235161092684E7,1.5556451209981365E7,1.340878862722196E7,5.5960932424612924E7
41.0,1.9815459647057343E7,3660483.0531292465,3124201.833120844,8990765.212377623
42.0,9461281.439609485,23264.429885864258,6979.210739135742,3586.611640930176
43.0,2677539.650503897,724642.6779752842,1338644.9940992475,6101760.8649123525
44.0,1.3994964121804029E7,1.2729634729275625E7,1.1669218193025365E7,4.612082154791666E7
45.0,2.5569501002568536E7,1.670627669806251E7,1.3549516875595586E7,3.916421881745974E7
46.0,1.8055253368689246E7,1.0970306872127594E7,7765433.6317508565,2.3909645565136313E7
47.0,1.0841054102494571E7,9244613.364669709,6955469.971876737,2.904251242928802E7
48.0,1.5665718726337614E7,5151380.8311989885,8946767.034499884,4.142031391973888E7
49.0,3.559498591401737E7,483596.1771265069,1716199.7929403866,3690873.5394458
50.0,5574348.335539846,8573.99289305444,8043.668212890625,4577.793966046502
51.0,3416674.7265087813,1347734.5631819207,1736962.7206695015,8912836.379203014
52.0,2.4609409165583383E7,2586691.201694259,6574967.947167985,1.553987433937501E7
53.0,3.263021551550895E7,3336889.0615170905,7061286.035230171,2.6585847884184726E7
54.0,2.0562115207291234E7,6940500.671035996,8427637.047719823,4.712664644843664E7
55.0,1.6232839267289024E7,1.1900013114814654E7,9810595.12774911,6.290390565235587E7
56.0,1.7112053667818543E7,9263758.511939183,7587732.367678409,3.529977281740695E7
57.0,1.1276863824720746E7,1.0210920491971845E7,2764658.217177389,9766502.635179043
58.0,2.9808921163878005E7,1331815.1641120792,107647.82046203614,396805.09695850447
59.0,2.9920134796572283E7,50107.41674164416,39426.4630279541,14142.445350646973
60.0,307616.816742871,,96.88810729980469,
61.0,3890524.6938725454,416853.95432039176,1960605.06821624,1325716.2159836702
62.0,3.915883871304685E7,6101666.300113002,1.1054385543881241E7,3.9536390070268475E7
63.0,5.774153395849926E7,5061999.322987544,1.0855863241622953E7,2.511780483143826E7
64.0,3.2403866128686376E7,4348355.621473335,8538265.763574418,3.2756691746116273E7
65.0,2.9985043887540963E7,4490328.619476497,6078494.809228634,3.950474735933645E7
66.0,2.0019728518162407E7,6852999.92609902,7831015.370188633,5.5132342865214676E7
67.0,2.2675089888360094E7,8700573.647829914,6444678.528080029,4.467296944975143E7
68.0,1.9348298542457767E7,1.3787554169817168E7,5945024.78833959,2.8757103624509558E7
69.0,1.1540463366135038E7,7060542.450332595,2538471.4559023394,7284514.102957197
70.0,2.9210454077532876E7,362193.20135225786,22024.302222816616,33700.56984710693
71.0,716140.3576358273,21416.97868311265,205159.7594232896,66130.31601957433
72.0,5.125525240804867E7,2885222.1131610656,1.0769672583540747E7,1.7811400490666572E7
73.0,4.964566160117876E7,4689413.287120138,1.1813565732788095E7,3.565000212441442E7
74.0,4.667484664207882E7,4699447.528483419,8684199.270584123,2.973806923754687E7
75.0,3.97730501873787E7,4112774.8649779046,5869440.126276072,3.098618663705396E7
76.0,3.049337916271478E7,6347203.796059513,6326360.875070447,5.527251050617689E7
77.0,3.0242824519196592E7,8416203.545053178,9135095.21455811,4.524174880716393E7
78.0,3.549622377326269E7,4544503.897707742,4156424.9118866874,1.4926266035526494E7
79.0,1.3926991975626852E7,1332012.2964841956,865986.5585109635,1241769.091225239
80.0,8065326.438550467,8905.727020263672,5227.431350708008,3194.4752883911133
81.0,44243.92330507762,33916.001763646746,23173.800037698187,125925.68398332792
82.0,388620.5667313816,290379.43200746394,102541.87256622314,235748.81719135953
83.0,42631.9105099547,5990.441513749665,4829.628723832673,573.2061621871649
84.0,1.537796317993424E7,165805.89509872705,962560.4539904123,522106.00305986556
85.0,4.4038685644372016E7,2164440.610718015,1.029203302728847E7,1.0043339932947863E7
86.0,4.34035269727152E7,3610968.4517530594,1.0832626512815328E7,1.974412264682951E7
87.0,4.927444550737376E7,6256188.42191953,1.4443554004499871E7,3.868447308916425E7
88.0,3.6947545260480456E7,5712892.848561909,1.1821582096182989E7,5.582609896633684E7
89.0,2.296791946368012E7,6788155.977174085,8597911.907229215,5.241746038476474E7
90.0,2.4924103152369946E7,6949891.675744604,1.247727889290016E7,5.116818137251553E7
91.0,2.8625842738656763E7,8141648.649289636,1.9136210221989464E7,5.718700634295202E7
92.0,3.8603476075955935E7,8543203.894550703,2.1569414071053702E7,3.835344745026972E7
93.0,6.100374556045561E7,1789438.4729607392,2381743.8457681416,3823791.3910901286
94.0,2.4196312012402352E7,74160.81610642976,298762.2788492838,149851.8162074968
95.0,849338.1315876981,580.608772277832,387.0884017944336,
96.0,,,,
97.0,,,,
98.0,,,,
99.0,,,,
100.0,,,,
101.0,,,,
102.0,9952037.21216936,4364603.545817835,1531633.4373685946,8956590.246206723
103.0,2.5213280349527083E7,6249734.547033869,3928118.528931141,9575451.753942754
104.0,3.6032807219903484E7,4847547.444251357,3829920.049778958,5944085.014255239
105.0,1.3561419662547408E7,1360027.988650004,2055997.4860615754,1295899.0127528473
106.0,2411389.1795834387,669303.2672081741,1400944.1377210137,1956468.987808616
107.0,2623946.114427755,9027.032352671904,297939.6725445893,54002.304814955794
108.0,3.519712218096598E7,1584235.8110046089,6547408.987082209,7031343.858412768
109.0,6.740482005733268E7,1426254.409733192,1.698736010485301E7,1.1055364367907805E7
110.0,6.420257272884062E7,5139588.042411954,1.3322019334924618E7,2.2176149038074497E7
111.0,4.738509352305447E7,9527892.981212176,1.1021995954393089E7,3.732729487586033E7
112.0,2.6460174889234714E7,5999496.696571797,1.2239961654810525E7,6.10642533675624E7
113.0,2.4325953938983623E7,5804367.925214607,1.249722109477365E7,6.098787148961798E7
114.0,2.2915316124404542E7,6985118.789642663,1.4416232478757314E7,6.529933069086631E7
115.0,2.4386647345184233E7,8463382.539276391,1.4480978883332169E7,5.0684589756047115E7
116.0,2.5532315274075143E7,7110489.228723173,1.9688050822101526E7,5.5672153588700086E7
117.0,3.6147423995979145E7,4419896.116394878,5906055.305285583,1.5361999094952224E7
118.0,6552491.809708356,93845.42166625378,818611.2668103087,291849.39328347
119.0,,,,
120.0,,,,
121.0,,,,
122.0,,,,
123.0,,,,
124.0,6884885.452995061,2338441.55138119,863917.3257592893,4330870.478459885
125.0,3796800.0272994693,1636704.2460572184,603684.9950029858,4247377.072606046
126.0,2.2936130537164975E7,3517625.3326744814,4905608.962855411,9082358.87060361
127.0,4.9596399298056185E7,3242948.346644832,3214682.455885674,2934805.0241633393
128.0,5.174995532445597E7,5144560.117288265,3909054.4996321728,2642371.158901798
129.0,1.4759650515599057E7,6674471.236785109,8624061.690068979,1.3943433610121626E7
130.0,2129383.0808205702,2715612.4557714416,2967245.954374814,8774047.414855506
131.0,,,,
132.0,439316.32577517646,665438.5500189089,116217.96057843976,1283802.5882848096
133.0,1149142.6199617265,868965.3687920654,703019.421963291,2146319.0012585483
134.0,2612329.1781223044,1304858.1625152277,1540780.2197206665,2795856.8684002114
135.0,2935999.000308223,833049.861654183,2763780.9536837074,2338589.7258945205
136.0,2767223.8802637686,966713.79719304,939146.5642630749,654688.5995708675
137.0,105559.53156098037,52328.402740687925,19299.134969075487,57556.384905198014
138.0,3781488.5110567864,379007.9047935337,672550.2759447284,810817.3530074169
139.0,8204943.323961493,1546830.889276242,1958417.0571226198,2972034.1699901447
140.0,4.586739989216849E7,667390.848702973,1.286923697405384E7,4910461.311942365
141.0,3.656317026696411E7,1715484.3352499567,7284508.876614438,1.3037834537462464E7
142.0,3.761263832836406E7,4127964.462077898,1.7811492507884182E7,2.6469839400365263E7
143.0,5.369355543178689E7,3388040.1620965693,1.836320234339004E7,2.1889756985227533E7
144.0,6.074666728065591E7,6766453.576348458,9837065.081205176,2.3945446408351324E7
145.0,3.857399199899932E7,5261203.01643512,7886812.175635333,4.821208082231346E7
146.0,3.6801984638973E7,6336910.144555243,8064556.053423535,4.323069740336883E7
147.0,2.167644605092641E7,4359787.857638428,8236340.918231767,4.074348783536321E7
148.0,1.5397100005886117E7,6038463.774234278,1.2483395677420042E7,4.728121635520105E7
149.0,1.806496168794199E7,8258062.345850026,1.3954015505597495E7,6.471153623773536E7
150.0,2.376471698962317E7,1.3399174207133241E7,1.6285853150493842E7,4.0353074754645266E7
151.0,3544070.7441967214,928063.9292808083,953174.2083280664,1747914.6009601061
152.0,,,,
153.0,,,,
154.0,,,,
155.0,,,,
156.0,,,,
157.0,,,,
158.0,126294.96095419489,48463.021854894294,130118.58848257625,360138.3369789873
159.0,3453280.7685058215,1926080.2157157762,1275876.5746320558,4284407.355566498
160.0,1.2100590091194782E7,7089009.203904588,1830443.8648634972,3776739.951895861
161.0,3.878557965658039E7,1.0584374040586669E7,6865678.697914394,5394014.751358662
162.0,1.6368081466369174E7,5910425.605146281,6560512.060778032,8848494.02855922
163.0,2649924.950434667,3323959.089951489,4106873.346411731,1.054749325138469E7
164.0,1159.6949920654297,1692.752833557129,193.28719329833984,12018.404249004288
165.0,1723134.9158954995,2048225.2933757415,868130.6675794115,4248133.793568122
166.0,3754960.315215436,4794260.499064576,2786902.996330741,1.1898284747748192E7
167.0,1.2334596100877259E7,6131640.056478457,6345539.569951551,1.0316443244481875E7
168.0,3.1577665721355934E7,1.0044764997689303E7,2.0156158312369976E7,2.1865168729575653E7
169.0,3.241448729642205E7,6555166.449794032,2.1151628106680885E7,1.7401633361460034E7
170.0,2.1210947278273903E7,5119298.661093859,8247206.428968951,1.0937503305035131E7
171.0,1.9794262035371445E7,2994840.096100304,3318243.145595082,9116324.728155646
172.0,4.135039970091711E7,4732245.072359455,1.4266637563264389E7,2.2109163848861758E7
173.0,2.485109204244401E7,2793131.277690514,1.6701011367035888E7,2.8582876626311596E7
174.0,3.2878062145526372E7,3641902.457610635,1.467371544315764E7,2.957702137749078E7
175.0,4.438125767706654E7,5084303.967515955,1.7592777898960747E7,3.073992142998618E7
176.0,4.23363110786048E7,5861606.22010148,2.0638870941728186E7,3.334718365741966E7
177.0,4.018639359640038E7,8013231.578675,1.07780571945868E7,3.6583988988149256E7
178.0,3.278821637923014E7,9288752.79345226,9372538.216849852,5.3147602117592156E7
179.0,2.542741793575953E7,6149972.071270085,7237659.362312906,4.101702987113238E7
180.0,1.2810997314389776E7,5542955.091841276,4888168.645373685,3.570279253476663E7
181.0,1.7207434482829347E7,6996650.553627402,1.069619949548764E7,4.43739122017991E7
182.0,1.762464387773094E7,9231865.226464696,9850873.614866216,5.677004669914081E7
183.0,1.6574735432316119E7,1.2272640960504647E7,1.6898333375855647E7,5.421202675675115E7
184.0,1.101454460424612E7,594921.7593527401,1185819.8978387269,2342064.9020649022
185.0,4845723.447938898,869.6817626953125,13141.827445983887,96.6321029663086
186.0,,,,
187.0,,,,
188.0,,,,
189.0,,,,
190.0,,,,
191.0,,,,
192.0,767065.7622396433,405040.7443358178,272603.24489943567,1319342.8934883869
193.0,1.544085590077072E7,1562824.5743672987,4064176.172759501,2595603.6098612766
194.0,2.4867777360000867E7,6359356.179344896,3619017.414230318,3587199.138672475
195.0,3.7489060719999254E7,1.4179175778639542E7,4489816.386290628,5115621.165613662
196.0,2.157356989157494E7,1.5742306861802641E7,3402161.650236033,8423959.078185435
197.0,2788615.1671238025,1934582.5687608607,1030420.0428144268,2809957.960725612
198.0,1711.1779238831764,689.8515869739009,1062.6196670532227,689.85084808948
199.0,3671.0531616210938,73562.49477844239,2318.5520629882812,273781.92852020264
200.0,506200.708916608,1343387.9607211845,414634.8458007813,4208291.590298282
201.0,658889.1975795671,1161382.1692907298,934674.5277427225,4520665.366091609
202.0,2.6270213934533212E7,6273798.6281852275,1.064067325691779E7,2.6154737730523556E7
203.0,3.891021810474615E7,8406344.899379475,1.9538583665245883E7,2.938721603278885E7
204.0,1.66789920262498E7,9355453.73870116,1.0288843831628261E7,2.2204956620859012E7
205.0,3.0332555606544733E7,9043356.858569182,1.2287186643002063E7,2.8847697553940177E7
206.0,2.7271987310744323E7,6592656.193075232,1.24845267085313E7,3.529254322138386E7
207.0,2.0101202461155005E7,6571263.051055427,1.1231864529873587E7,2.87577337278772E7
208.0,1.991586942591123E7,5358019.045891287,9646817.22711871,2.8154091190028682E7
209.0,2.5056586472893532E7,5221620.713969601,1.521768370059663E7,4.183730297629671E7
210.0,2.312104093610561E7,7588914.112888765,1.2271637045714553E7,4.558841893923168E7
211.0,4.00956108841151E7,7536944.807975339,1.1899507429427195E7,3.6182138320911996E7
212.0,4.508030716903132E7,6626442.792980952,8935005.329167586,2.8026905595533166E7
213.0,2.756504698261554E7,1.3551509992441272E7,7746419.278385049,4.5208747438825645E7
214.0,2.4705119738880254E7,9770047.220514268,9893099.702818766,5.070922340845409E7
215.0,1.953229336120746E7,7178403.855633569,5956347.257961428,4.5449868806133136E7
216.0,2.8046334485602453E7,6136386.765899895,6911165.555000604,2.9965605622894745E7
217.0,2.982380700713119E7,8973697.30029865,1.3607005665196516E7,4.130626780709377E7
218.0,2.2065493167969495E7,9167948.69203081,1.5785281928447664E7,3.729804464066681E7
219.0,2.2588174323346235E7,1.0264086375451675E7,6282598.030002755,1.00084334231059E7
220.0,1.6352305431837976E7,1352.580436706543,12556.584884643555,96.612548828125
221.0,,,,
222.0,,,,
223.0,,,,
224.0,,,,
225.0,,,,
226.0,,,,
227.0,79634.62582068349,69741.64601835364,44194.968822344614,112991.93312006933
228.0,1217166.6764232856,889847.8798582783,761613.9047278905,1427875.1339967921
229.0,4.283110456198267E7,1.0131639889544887E7,5496631.364431912,6825492.246718882
230.0,4.0030830487073064E7,8118669.700174162,4766103.9994380595,4404716.033365916
231.0,8600022.259445433,3974635.660375228,2580076.484370602,4476924.661000001
232.0,127926.17973540063,47624.76664120543,69475.57626498352,118420.58113286635
233.0,,,,
234.0,,,,
235.0,193.14401245117188,4345.7097244262695,22674.39693881764,41399.97438668644
236.0,2336572.226543113,961281.6329847744,4429699.056919922,1.6271780275666362E7
237.0,936484.9356124861,637358.7819383809,1444762.2707938144,6014685.86539349
238.0,9306170.698822536,4906899.289221343,9476905.283081986,2.67485892332747E7
239.0,4638578.3876388855,3356643.290148777,7274002.339819188,1.8297790071610853E7
240.0,1.4331267401564922E7,4592464.214061991,1.4188349670452422E7,2.9902211254393063E7
241.0,1.1688841407796593E7,2160312.5675096093,1.722355226174785E7,3.1660958252325155E7
242.0,2.229470413676121E7,4630007.986159293,1.8595495701544225E7,4.217470743902105E7
243.0,3.5154900074888825E7,4126435.010461427,1.4546919340538625E7,2.312860726890499E7
244.0,1.917948187492694E7,5142726.278344847,1.2855842627117954E7,3.0192534709137484E7
245.0,1.9040275328241963E7,5975803.407848343,1.4029873331261136E7,3.835430614843194E7
246.0,3.599391852226455E7,1.013866889406918E7,6361463.696719692,3.77046487853385E7
247.0,4.526175430576822E7,1.0445491825121684E7,9530918.357811632,3.952389916954163E7
248.0,4.854182469486032E7,1.0489642612293832E7,1.4237098387323208E7,3.2028379125218775E7
249.0,4.414162017758733E7,9685847.169543158,9950664.545967398,4.238599212049112E7
250.0,2.507156970143712E7,8193383.503578967,7460228.311038807,5.130620118601533E7
251.0,2.017402778293756E7,7579493.124981869,1.2605933020751124E7,4.216198601105689E7
252.0,2.2680215975363318E7,7288025.215303579,1.727203532396043E7,3.404985600385224E7
253.0,2.5499316463050816E7,5932527.633994372,1.463712334329143E7,2.757501849496975E7
254.0,2.8089406456409894E7,1.2989336105347555E7,4951171.315153716,1.149183777032136E7
255.0,2.0857155585606143E7,,1834.6857681274414,
256.0,,,,
257.0,,,,
258.0,,,,
259.0,,,,
260.0,,,,
261.0,7816.295433044434,2412.4530715942383,6175.878326416016,8877.868240356445
262.0,2872609.1663630754,987229.4686127601,1827985.6830504169,1484099.8698865399
263.0,9714933.47363278,1690572.3613514614,3473827.431084754,3661666.0549165905
264.0,1.417776650209906E7,4043770.0664231544,5227529.897315649,6592910.5307888845
265.0,8222436.312461015,5134441.435192721,3036942.4803905706,8271892.076877159
266.0,,,,
267.0,,,,
268.0,,,,
269.0,,,,
270.0,81565.04560089111,47396.24533843994,257421.63890075684,441313.2199707031
271.0,1860532.1298766183,981087.1000104714,1685799.6504061224,3531038.603963664
272.0,1.715588946246482E7,1.3300407344609419E7,1.4101015097111298E7,3.5946324791926615E7
273.0,1.4683878222398702E7,5875732.378718385,1.5511399881097045E7,3.920720827685841E7
274.0,1.6460915390432373E7,5059196.7191029545,1.895608586304696E7,3.1863175872089136E7
275.0,7947785.119752531,2529504.950056577,1.0463145777692724E7,2.7369807483215164E7
276.0,3.023593362908842E7,3716898.1930237114,2.160928429803079E7,3.049950078449592E7
277.0,2.971449802146799E7,3163100.047202226,1.9584855764449E7,4.137035499790954E7
278.0,2.7397674121017016E7,4414352.346627627,1.0712425326172441E7,5.085124718850942E7
279.0,2.717494833241968E7,5157384.307109428,1.1812191318826683E7,4.220715660460899E7
280.0,2.5130523678035017E7,7543868.218228925,1.5702340820135314E7,4.15045168339414E7
281.0,3.1035097102227546E7,9081202.362827104,1.2242380071530607E7,4.211472581147759E7
282.0,4.869545629044891E7,8499285.984135674,1.2108797274938215E7,3.454855978155136E7
283.0,5.999870516290824E7,1.4133219216109145E7,5654778.151025001,2.9750914669722006E7
284.0,6.382605799206834E7,1.3116808127027135E7,6331653.777521259,2.350646018964998E7
285.0,4.683983710934097E7,1.0637854555916669E7,5516956.002812552,3.380767838512747E7
286.0,2.3352996934171833E7,1.1346106091987614E7,1.0830271288269877E7,4.072887304634546E7
287.0,2.924122700946828E7,9376297.734173313,9352487.952203184,2.012026824182674E7
288.0,2.8534665781101935E7,8101828.052387969,1.0201503624354912E7,2.062823134003263E7
289.0,3.3124230253187012E7,1.3691387692103993E7,7261468.900169373,1.4474884107283428E7
290.0,824666.2918622786,94951.93692211069,45146.56411542705,43119.701880511115
291.0,,,,
292.0,,,,
293.0,,,,
294.0,,,,
295.0,,,,
296.0,489598.2960246965,418585.09027063707,446303.8953028361,680857.3049917782
297.0,9107644.354929097,5416207.248260349,9214925.127731115,1.2776342571618505E7
298.0,8650350.513209773,2715348.2820696663,4164893.461629322,5549807.713878257
299.0,1336113.440804485,1217210.2958059572,2233015.0832817224,4674239.30763104
300.0,2440774.561822869,2539228.687687833,2977805.2611566596,9275366.391539812
301.0,,,,
302.0,,,,
303.0,,,,
304.0,96.49053955078125,,385.9620056152344,192.98001098632812
305.0,1320181.1464920044,232878.3173828125,1084726.7723999023,1152246.6189117432
306.0,1662530.4946610704,1318396.0501832874,1327648.3657023422,4421937.501728111
307.0,1.51102834990215E7,9949887.847821198,1.0096670845197437E7,2.4819653257716686E7
308.0,2.160838715889202E7,1.1601648333539093E7,1.3931428604736723E7,2.873628301411304E7
309.0,2.254078856743067E7,5042118.868011659,1.3636209113619259E7,1.9451263656853277E7
310.0,8978355.236029841,1489342.9962111546,1.0028909213468255E7,1.1554419448163658E7
311.0,3.1976770385962855E7,3577797.125316874,2.1897590392461237E7,2.8456610653536282E7
312.0,3.7100587457705855E7,2366922.6081140563,1.7963426237471826E7,3.682076577849203E7
313.0,4.135352585803473E7,3775959.766515427,1.083569372140731E7,4.3674555046064034E7
314.0,4.054989672831944E7,7091758.1549321525,1.0430341307380833E7,5.04148857065646E7
315.0,3.232124982589116E7,7103570.815589072,1.0154782823332814E7,4.078855543749377E7
316.0,3.7588316113390476E7,5240632.241945846,1.123188889517712E7,4.466451566075759E7
317.0,5.21821255127811E7,5895210.075377944,1.2157901478697062E7,3.973775002645531E7
318.0,5.26640805187852E7,9551093.221402759,1.0164971440651754E7,3.054079927195848E7
319.0,5.830896372867862E7,1.0947336963954195E7,1.0175558174277399E7,2.4395195436930776E7
320.0,3.5741941256677225E7,1.0539359932792552E7,8221559.205803638,2.7623341274458323E7
321.0,1.8595432426270824E7,1.130470701504125E7,1.752093330006984E7,5.1457791692500204E7
322.0,2.5231468230128765E7,1.3756511248429103E7,1.4991563605406053E7,3.459235168300757E7
323.0,3.3531332874321353E7,6461973.335046658,8069858.688283857,2.4050680532097083E7
324.0,4.273393511734187E7,1.1503727895238094E7,8620669.432626827,1.7115885115356818E7
325.0,5672910.789230175,46793.85265350342,91530.79618299895,10323.58967590332
326.0,,,,
327.0,,,,
328.0,,,,
329.0,,,,
330.0,,,,
331.0,16589.997383117676,523.502425219966,43789.89157867432,1543.2604293823242
332.0,5690.779281616211,41819.19120175231,6820.680881036496,85443.46028008554
333.0,4917.547119140625,3085.523452758789,867.8020935058594,10027.924186706543
334.0,13541.289415905521,49940.726159877406,37199.94011924594,708080.5513583315
335.0,505994.7680585075,1097770.2778896259,1774865.9472810943,1.4819308047214258E7
336.0,28733.984001159668,37047.62946463192,6479.965212563908,89707.48649785659
337.0,,,,
338.0,,,,
339.0,,,,
340.0,459956.1569824219,72625.04983520508,159428.98293304443,78798.17890167236
341.0,4810543.774402632,2162716.9217137354,1661001.0503628294,4772910.619708791
342.0,2.278326547417579E7,1.035281240802444E7,1.3833167435054809E7,2.282738051178278E7
343.0,2.2129978006646834E7,6626669.840119732,1.4899060423062537E7,1.9277627591586214E7
344.0,3.0644059006730516E7,6206180.753929563,1.6395249781178035E7,2.624292211507114E7
345.0,3.431209912789595E7,7242914.760063777,1.6189844125049192E7,2.2986993943344574E7
346.0,2.5475490826899998E7,7288625.518122479,1.728613806973951E7,3.599799210415053E7
347.0,2.2027755343468282E7,5292209.280309227,9933306.918832552,5.703722111443108E7
348.0,2.492125909348482E7,4624264.622629387,9433313.121806582,6.653129574403295E7
349.0,3.1491419518360045E7,9316994.799720347,1.0959300058254112E7,5.888656493878204E7
350.0,3.1571419612870045E7,1.082272847419976E7,7810735.522628911,5.346093468843602E7
351.0,3.2891928516447186E7,7993507.36005091,8037119.727983758,4.2819890878799185E7
352.0,2.5919017534069538E7,1.0291791153445872E7,8617782.388551723,5.5570933796022415E7
353.0,4.375907463819691E7,1.409866774103404E7,9540125.5295493,3.783543741797592E7
354.0,3.204492625997909E7,1.2385639563069528E7,1.2610539705026377E7,4.123876948834735E7
355.0,3.470819452619618E7,1.1956306959353937E7,1.1038114253336463E7,3.475087854358598E7
356.0,2.4481138633417588E7,1.1910324991084201E7,1.3859021241191436E7,4.910693750334211E7
357.0,3.692692894454586E7,1.3932172709943343E7,1.8355136142324124E7,3.6086365317489706E7
358.0,3.710534431924678E7,5879500.189606256,8484406.827424953,2.3706778623315334E7
359.0,3.0431190031389326E7,4164832.8433202417,2957176.1613695035,1.0657792688400712E7
360.0,1.3244293695695404E7,37110.17703773648,16916.762329490513,21694.467697143555
361.0,,,,
362.0,,,,
363.0,,,,
364.0,,,,
365.0,,,,
366.0,,,,
367.0,,,,
368.0,82452.71744169347,54023.75467221129,44694.776784769696,178154.0888260486
369.0,1188627.3518673168,1780477.1194759894,1647006.3517252007,1.0276245971508548E7
370.0,,,,
371.0,,,,
372.0,323448.8057632446,26021.874588012695,40383.49543762207,95413.5096359253
373.0,,,,
374.0,109281.50052346622,13592.610450744629,8156.761257306267,50574.23810460708
375.0,3196852.5456856047,1520181.190320183,1219274.690044568,4688460.454792574
376.0,8224460.152606516,4488135.8848201195,4606925.959912268,1.0444792295640545E7
377.0,2.2328999490720183E7,7872681.8558410555,1.4713665294637544E7,2.2055726276690006E7
378.0,3.759472982382975E7,7317138.39242612,1.2757864784853412E7,1.9156462810924802E7
379.0,3.24596701849805E7,8023205.31479081,1.1490984062047487E7,3.21576170675456E7
380.0,4.158830618749128E7,6540889.352622206,1.3400066934601268E7,3.470650719893299E7
381.0,2.6759493307075016E7,8938846.14368563,9309936.400598845,4.588791186037728E7
382.0,2.7545880086582717E7,7225726.263931163,8627855.21737729,4.374152791312079E7
383.0,2.548239989004574E7,1.4081747234768882E7,8261086.347809263,4.86165102167316E7
384.0,2.2503721688523866E7,6673723.731726142,7411344.84536325,4.720040975028391E7
385.0,2.3767547111977797E7,5211723.676013228,6826713.192796569,5.47531304383972E7
386.0,2.1040935060903247E7,1.690674293285611E7,7747673.992789002,6.008689004503482E7
387.0,2.211788605019224E7,1.535986176382084E7,9540551.717554593,4.919882907569278E7
388.0,2.725927243292991E7,1.1465970523644403E7,8061760.313572186,4.1643325666847765E7
389.0,3.666098479528033E7,9675588.573611703,1.1102159294197978E7,3.2624596288003445E7
390.0,3.472697193447756E7,9444490.788669862,6824183.340625666,4.357860443875036E7
391.0,4.391605358788749E7,1.1215515794101892E7,6696439.698164332,3.1345334806341186E7
392.0,5.405666544903839E7,5248495.078604585,3680078.0522557558,9535861.770578522
393.0,2.282833639005226E7,154888.86817501293,93954.01776140998,466570.3667003855
394.0,8551484.877279304,96.3951416015625,578.3666687011719,
395.0,,,,
396.0,,,,
397.0,,,,
398.0,,,,
399.0,,,,
400.0,,,,
401.0,,,,
402.0,,,,
403.0,,,,
404.0,,,,
405.0,,,,
406.0,804587.1744519393,53762.17569732666,160033.04233057357,106354.58552820543
407.0,,,,
408.0,107815.0378036499,81608.94174957275,12333.179565429688,221416.32120513916
409.0,1868503.800474638,356550.2097338808,282293.40932946303,610448.1656828338
410.0,1.9164738559157588E7,5940520.567581691,9537336.745796222,1.4397567372140147E7
411.0,4.146609281907086E7,1.3018954460708577E7,1.3237321352800965E7,1.9121765928909898E7
412.0,4.918622681887986E7,1.5368462263132697E7,9894004.844004858,1.92542230566227E7
413.0,5.301346563730779E7,9865300.724331954,1.29963002848489E7,2.100464116902602E7
414.0,5.153300273344408E7,9927131.676739179,1.879044888882903E7,2.3998823036559846E7
415.0,5.6928346528289184E7,1.1609971127020855E7,1.2599787097640388E7,2.7043081182684142E7
416.0,4.940006635550964E7,9788062.418188965,1.4583209471439052E7,2.8825241221765324E7
417.0,4.436730205379571E7,7346832.038036371,7054443.19812599,2.4592020684725046E7
418.0,2.801173180776576E7,7728298.219215016,8265358.858733731,3.199735109128593E7
419.0,2.4116348161104135E7,8018177.879350927,6895483.133317244,4.013465439221905E7
420.0,2.6656356515912496E7,1.118756075788654E7,5723791.15604354,6.060807784150425E7
421.0,2.1792356635466486E7,1.6473219023096202E7,5141403.681999462,4.859136816187627E7
422.0,2.3706663057337437E7,1.5712041571199821E7,6018588.647723496,4.052516080441947E7
423.0,3.102456502621714E7,1.0243577300629297E7,6086095.810333707,2.9921713760369733E7
424.0,2.8561464782848433E7,5068261.807079754,4322452.9006705545,2.5228432261027884E7
425.0,4.051861840350558E7,8849322.25574076,3683021.88096481,2.2078132613964193E7
426.0,3.3887142282778844E7,3263188.206497222,2017071.7667394006,5838173.734361775
427.0,4853684.253972318,513579.14525433717,175688.1774383545,1026530.6149747958
428.0,,,,
429.0,,,,
430.0,,,,
431.0,,,,
432.0,,,,
433.0,,,,
434.0,,,,
435.0,,,,
436.0,,,,
437.0,,,,
438.0,77811.64981258617,192.6628646850586,879.0691501393037,108.41973607680377
439.0,,,,
440.0,,,,
441.0,6587739.536439105,3117129.9347591093,2202138.6870827796,4383268.346586886
442.0,2.309578340781525E7,9733317.061966343,9719284.292509433,1.5477591696533768E7
443.0,3.027453530047466E7,1.773547900549664E7,1.1117852964807767E7,3.281861364679218E7
444.0,4.3860183652183995E7,1.2307194870814428E7,1.4919752505928561E7,2.5345814958585072E7
445.0,3.1918261267118093E7,3630067.95363994,2.3441205234457258E7,3.5138701176254466E7
446.0,3.564232025898894E7,5719162.7527318625,2.1091831208287403E7,4.206679488206937E7
447.0,4.684124488584777E7,4066290.8164493362,2.4765440151048265E7,3.441443002389351E7
448.0,5.2411587345037654E7,5621058.874167112,1.5730542763045771E7,3.014405599206068E7
449.0,4.755738055520337E7,6249442.127738956,6906701.500459325,3.443573976513154E7
450.0,3.852878718050914E7,8520760.383450562,8718747.212113537,2.8437418033912662E7
451.0,3.427914643899394E7,5744956.296422926,9096646.438647589,3.2359170072083853E7
452.0,3.524466469541968E7,5272533.421942022,9902582.134347424,4.395031804041326E7
453.0,4.109721281598976E7,6158602.4426448215,8844998.303161653,3.3235240694874994E7
454.0,3.951024086303098E7,1.181340438324432E7,9032285.792370524,3.2983559033723336E7
455.0,4.006678172144161E7,1.3349303080838382E7,8060867.4803170655,2.9646303130815513E7
456.0,3.2200228627458084E7,9109304.001557685,4153836.622879064,3.467742457091141E7
457.0,3.811339878650832E7,3460230.8202954773,2056731.1500291722,1.066313040282719E7
458.0,4.300189887732686E7,330007.27491769247,162894.9443521238,554277.8496646358
459.0,2.54380051750856E7,123195.41062298942,205620.4159341251,362533.03473151714
460.0,2434306.3669260824,,96.29048156738281,
461.0,,,,
462.0,,,,
463.0,,,,
464.0,,,,
465.0,,,,
466.0,,,,
467.0,,,,
468.0,,,,
469.0,192.5162124633789,192.5161361694336,,1925.1628952026367
470.0,2.894476619886765E7,1.5659111987199746E7,4564041.530803965,1.6681526405863507E7
471.0,5.152991911673868E7,2.1862750839639973E7,1.260186612567719E7,1.8596043589113005E7
472.0,4.693130701388509E7,1.570079264888928E7,1.267782209616361E7,2.773583872941793E7
473.0,4.695460474434389E7,1.439668788463742E7,7568390.8683842365,2.651982966919846E7
474.0,2.411641262265756E7,3599497.434199824,1.0389115893589303E7,2.7675453465855256E7
475.0,7565083.6686606305,382025.23003908043,2990987.2086472753,9587967.25686367
476.0,3037917.4886299283,1591847.2724079806,3931231.1451772656,1.2145862794728596E7
477.0,1.708632244093744E7,2572213.2637236053,7851237.274487212,1.6453572764391702E7
478.0,2.5304979374747306E7,3984374.6574707925,8361149.66115214,2.0767162216011792E7
479.0,3.663541514596627E7,5483508.130263533,1.117463431313025E7,3.006946629175927E7
480.0,3.083030747768792E7,5545656.390018808,1.5219324071988158E7,4.349913943214098E7
481.0,3.1310645260494903E7,5885067.302954042,1.4540274235449072E7,4.1831631671844095E7
482.0,3.4326356569724135E7,7268473.821668288,1.1598055734396242E7,3.827615577770951E7
483.0,1.25930238230501E7,3073245.034460509,2390209.1723715393,8108794.433059304
484.0,3.866027979033634E7,6225589.259770442,5879741.822065944,2.4839286893361736E7
485.0,3.991856783687437E7,5937919.154864682,5817476.990454251,2.3436020782266382E7
486.0,4.2710240429953575E7,3666749.1011708267,2715523.1985302498,1.115263035607961E7
487.0,4.29454271259214E7,378782.71271568746,134267.14913147571,226732.7577099669
488.0,4.110579758070611E7,6643.138336181641,21661.331573486328,4621.14298248291
489.0,1.1624884259318605E7,,2118.2747650146484,
490.0,,,,
491.0,,,,
492.0,5388.407493591309,3367.754592895508,3175.326103210449,131439.34741973877
493.0,101437.86201378317,51081.23234594008,9525.550857543945,232889.28948741237
494.0,2.5663836281646274E7,1.1133749612521546E7,3680124.9567052517,1.2337290855457028E7
495.0,4.82176561860635E7,2.0735994098005645E7,7549574.206923095,2.1080049479916714E7
496.0,3.2743303195593603E7,9976312.935118912,1.0481690464960618E7,3.0504715358228374E7
497.0,2.6674490668814123E7,1.2349358759640204E7,6433154.501330717,3.446897408695843E7
498.0,551175.8150438495,1524123.2446595435,181295.47879246733,6151298.569873677
499.0,9918.752908145681,71.33631268669578,577.4824523925781,96.24706268310547
500.0,4549744.150185109,1567738.4472417494,6258408.512084331,1.7345972502129246E7
501.0,2.896944639182807E7,4698122.638758041,1.6654798288027996E7,4.669708640747466E7
502.0,4.151409989636976E7,2100472.5640601064,2.4030062619647317E7,3.655739091587764E7
503.0,5732218.648549309,466800.38700046914,3805046.0579165868,8796741.260729475
504.0,5512972.295030511,865390.0941015804,1352718.7224567786,5545997.807606597
505.0,1.480222680800357E7,888832.8358048981,1070339.5675393797,4521740.062745547
506.0,3.0125692480929635E7,1405836.405256832,2147163.15379567,4843252.312158741
507.0,6.112596812866792E7,124918.92987278955,89752.27032036874,156666.84908240824
508.0,1.687489165486513E7,,2502.1859588623047,
509.0,,,,
510.0,,,,
511.0,219268.08663698085,408508.4335457297,23775.10803267535,472113.9732943367
512.0,1.323383433739812E7,1.0553236687330203E7,1941055.2672330071,1.4840018771428185E7
513.0,1.1441572202425878E7,2601436.6049564737,3831906.5591655057,7071566.363761721
514.0,6755256.831430326,2039997.0627156575,4376233.146462863,1.3013960171479378E7
515.0,5098746.038445326,1186847.5783292286,2349134.2892795047,7799996.227879755
516.0,8428176.947354514,828290.4264469219,4552921.178845902,1.3553269406171879E7
517.0,1.008903877467316E7,859571.1284866035,3103903.167955735,4927119.05807905
518.0,151665.78082338217,962.0250854492188,437196.336939045,112912.93362845625
519.0,4956580.324697157,386880.44821609795,184617.81730738623,794800.6658818861
520.0,2.7263227508583635E7,1386422.6890689633,1244885.667739479,3850352.2292076554
521.0,8723917.558937581,15391.623133640664,110850.62520704081,36361.07610321045
522.0,,,,
523.0,480.78548431396484,13173.563873291016,,6154.032539367676
524.0,24079.11388118968,65710.8462725471,7341.009203922047,437996.11773134116
525.0,,96.14983367919922,,96.14978790283203
526.0,,,,
527.0,,,,
528.0,1057.198097229004,2114.353042602539,192.21966552734375,21143.679481506348
